accuracy,precision,recall,f1,roc_auc
0.8036649214659686,0.8125,0.8666666666666667,0.8387096774193549,0.8822646850672329
