accuracy,precision,recall,f1,roc_auc
0.7905759162303665,0.7935222672064778,0.8711111111111111,0.8305084745762712,0.879377211606511
