accuracy,precision,recall,f1,roc_auc
0.8089005235602095,0.8114754098360656,0.88,0.8443496801705757,0.8784430290162774
