KS_statistic,KS_pvalue,Normality,Test_used,T_stat,T_p,McNemar_stat,McNemar_p,Baseline_mean_acc,Hybrid_mean_acc,Baseline_mean_prec,Hybrid_mean_prec,Baseline_mean_rec,Hybrid_mean_rec,Baseline_mean_f1,Hybrid_mean_f1
0.4,0.18441617684449832,Normal,Paired t-test,2.445772510112048,0.028272804198640554,3.291044776119403,0.06965868452877007,0.7586901246719162,0.7702468832020999,0.7662822143749867,0.7752765567524984,0.8539819819819819,0.8681201201201201,0.8068991172982135,0.817314691417118
