KS_statistic,KS_pvalue,Normality,Test_used,T_stat,T_p,McNemar_stat,McNemar_p,Baseline_mean_acc,Hybrid_mean_acc,Baseline_mean_prec,Hybrid_mean_prec,Baseline_mean_rec,Hybrid_mean_rec,Baseline_mean_f1,Hybrid_mean_f1
0.3333333333333333,0.3855465198257425,Normal,Paired t-test,2.677122026353729,0.018046833782012123,4.682926829268292,0.03046380272268888,0.8132668963254595,0.8263738517060369,0.8227638190606055,0.8319217672373681,0.8718198198198198,0.8877477477477479,0.8462715333977596,0.8573270668965199
