KS_statistic,KS_pvalue,Normality,Test_used,T_stat,T_p_two_tailed,T_p_one_tailed,McNemar_stat,McNemar_p,Baseline_mean_acc,Hybrid_mean_acc,Baseline_mean_prec,Hybrid_mean_prec,Baseline_mean_rec,Hybrid_mean_rec,Baseline_mean_f1,Hybrid_mean_f1
0.4666666666666667,0.07546400948132746,Normal,Paired t-test,6.324462651064933,1.8767977423815935e-05,9.383988711907967e-06,27.76865671641791,1.3672330948642935e-07,0.750319881889764,0.7828412073490815,0.756068377135543,0.7782925163892489,0.853153153153153,0.893981981981982,0.8012430025378637,0.8300275804221758
